{"cameraMode":{"drawMode":0,"name":"Shaded","section":"Shading Mode"},"sceneLighting":false,"audioPlay":false,"sceneViewState":{"m_AlwaysRefresh":false,"showFog":true,"showSkybox":false,"showFlares":true,"showImageEffects":true,"showParticleSystems":true,"showVisualEffectGraphs":true,"m_FxEnabled":true},"in2DMode":false,"pivot":{"x":11.232298851013184,"y":-0.015838399529457094,"z":-0.08613600581884384},"rotation":{"x":0.025268549099564554,"y":-0.6875692009925842,"z":0.023931989446282388,"w":0.7253072261810303},"size":0.9482558369636536,"orthographic":false}