{"cameraMode":{"drawMode":0,"name":"Shaded","section":"Shading Mode"},"sceneLighting":false,"audioPlay":false,"sceneViewState":{"m_AlwaysRefresh":false,"showFog":true,"showSkybox":false,"showFlares":true,"showImageEffects":true,"showParticleSystems":true,"showVisualEffectGraphs":true,"m_FxEnabled":true},"in2DMode":false,"pivot":{"x":3.501168966293335,"y":-0.11304882168769837,"z":-0.6941976547241211},"rotation":{"x":0.08271517604589462,"y":-0.004176173359155655,"z":0.0003392401849851012,"w":0.9965786933898926},"size":0.9774824976921082,"orthographic":false}